question,document,answer_score,answer_reasoning,trajectory_score,trajectory_reasoning
Can I still join the course if I just found it now?,74eb249bbf,good,"The agent answer matches the ground truth closely: it says you can still join the course, and to receive a certificate you must submit the project while submissions are still accepted. This preserves the key conditional detail from the original answer.",good,"The single search query is relevant to the user's question and includes the main intent (joining late / enrolling now). One search call is reasonable here, and there were no unnecessary duplicate calls. The tool use supports the final answer."
Is it okay to start late and catch up with the course material?,74eb249bbf,bad,"The agent’s answer partially matches the ground truth because it says you can start whenever you want and catch up. However, it misses the key certificate-related condition from the original answer: to receive a certificate, you must submit the project while submissions are still being accepted. Instead, it adds extra details about videos, GitHub materials, and workflow that are not in the original answer. Since the critical qualifier is omitted, the answer is not fully correct.",good,"The single search query was relevant to the question and included the main idea of starting late and catching up. The tool use was minimal and reasonable, though it did not seem to refine the query or gather the specific certificate condition. Overall, the trajectory was acceptable but only moderately useful."
"If I join after the course has started, can I still get a certificate?",74eb249bbf,good,"The agent’s answer matches the ground truth on the key point: you can still get a certificate if you join late, provided you submit your project while submissions are still open. It adds an extra detail about live cohort vs self-paced mode that is not in the original answer, but this does not contradict the core answer. Overall, the answer is correct.",good,"The single search query is relevant and contains the main keywords from the question ('join after course has started' and 'certificate'). One search was sufficient, and there were no unnecessary duplicate calls. The tool call supports the final answer."
What do I need to do to be eligible for the certificate if I’m joining late?,74eb249bbf,good,"The agent captured the core requirement from the ground truth: if joining late, you can still get the certificate as long as you submit the project while submissions are still open. However, it added extra details about homework, capstone, live cohort, and self-paced mode that are not present in the original answer. These additions are not necessarily contradictory, but they go beyond the provided ground truth. Since the key answer matches, this should be marked correct.",good,"The single search query was relevant to the topic of late joiners and certificate eligibility, though it was somewhat broad. One search call is reasonable for this simple question, and there were no redundant or unnecessary repeated searches. The tool use supports the final answer adequately."
Are project submissions still open for new students who discovered the course recently?,74eb249bbf,good,"The agent’s answer matches the ground truth. It correctly says submissions are still possible for new students, but only while submissions are still open, and it mentions the certificate requirement tied to submitting during the open period. This preserves the key information from the original answer.",good,"The single search query is relevant and includes the main concepts from the question: project submissions, new students, recently discovered the course, and submissions deadline/open status. One search was sufficient, and there were no unnecessary duplicate calls."
"I signed up for the LLM Zoomcamp, but I still haven’t gotten any confirmation email — is that normal?",977bf7786c,good,"The agent’s answer matches the ground truth. It correctly says the confirmation email is not needed, the user is accepted, they can start learning and submitting homework while the form is open, and registration is just to gauge interest. It preserves the key points from the original answer.",good,"The search query was relevant to the user’s question and included important keywords like LLM Zoomcamp, confirmation email, signup, and normal. Only one search was needed, and it was sufficient to support the final answer. No unnecessary duplicate calls were made."
Do I actually need a registration confirmation to start the course and submit homework?,977bf7786c,good,"The agent answer matches the ground truth well. It correctly states that registration confirmation is not needed, that the student is accepted, that they can start learning and submit homework while the form is open even without registering, and that registration is only to gauge interest before the start date. This contains the key information from the original answer.",good,"The single search query was relevant and contained the main keywords from the question ('registration confirmation', 'start course', 'submit homework'). One search was sufficient, and there were no unnecessary duplicate calls. The tool use reasonably supported the final answer."
"If I never registered, can I still follow along and turn in assignments while the homework form is open?",977bf7786c,good,"The agent answer matches the ground truth. It correctly states that registration is not required, that the student can still follow along and submit homework while the form is open, that registration is only for gauging interest, and that it is not checked against a registered list. The extra note about the form needing to be open is consistent with the original answer and does not conflict with it.",good,"The single search query was directly relevant and used key terms from the question. Only one tool call was needed, and it reasonably supported the final answer without unnecessary repetition."
Is there some accepted list that my registration has to match before I can participate?,977bf7786c,good,"The agent’s answer matches the ground truth. It correctly says there is no accepted list to match against, that the user is already accepted, that they can start learning and submitting homework while the form is open without registering, and that registration is only to gauge interest before the start date.",good,"The tool call was relevant and included key terms from the question like registration, accepted list, and participate. Only one search was used, which is reasonable for this straightforward FAQ lookup, and it supported the final answer."
What’s the point of registering if I can already start learning without any email confirmation?,977bf7786c,good,"The agent answer matches the ground truth. It correctly says registration is only to gauge interest before the start date, that email confirmation is not needed, the student is already accepted, they can start learning and submit homework while the form is open, and that registration is not checked against a list.",good,"The single search query was relevant and contained the main keywords from the question about registering, starting learning without email confirmation, and the FAQ context. One search was sufficient, and there were no unnecessary duplicate calls."
How do I join the Office Hours or live workshop if the Zoom link isn’t shared with students?,489dd1c9d9,good,"The agent answer matches the ground truth well. It correctly states that the Zoom link is only for instructors/presenters/TAs, and students should watch via YouTube Live, check Telegram/Slack announcements for the video URL, and use Slido for questions. It also correctly warns not to rely on chat. This contains all key points from the original answer.",good,"The single search query was relevant and included the main concepts from the question (Office Hours, live workshop, Zoom link, students). One search call was reasonable and sufficient; there were no unnecessary duplicate calls. The tool use supported the final answer."
Where is the live stream link for the workshop or Office Hours usually announced before it starts?,489dd1c9d9,good,"The agent answer matches the key parts of the ground truth: the live stream link is posted in the announcements channel on Telegram and Slack before it starts, and it can also be watched on the DataTalksClub YouTube channel. It omits extra details about instructor-only Zoom links and Slido/questions, but that is not required for this question.",good,"The single search query was relevant and used important keywords from the question. One search call was sufficient, and the result supported the final answer. No unnecessary duplicate calls were made."
"Can students watch the live sessions on YouTube, and where do we send questions during the stream?",489dd1c9d9,good,"The agent answer matches the ground truth well. It correctly states that students can watch live sessions on the DataTalksClub YouTube channel, that questions should be submitted via Slido with the link pinned in chat during the live session, and that questions should not be posted in chat because they may be missed. It omits the Telegram/Slack announcement detail and the note that the Zoom link is only for instructors/presenters/TAs, but those are not necessary to answer the question asked.",good,"The single search query was relevant and contained key terms from the question: live sessions, YouTube, and questions during the stream. One search call was reasonable, and there were no unnecessary duplicate calls. The tool call supported the final answer."
"Why can’t I see the Zoom URL for the live class sessions, and what should I use instead?",489dd1c9d9,good,"The agent’s answer matches the ground truth: it says the Zoom link is only for instructors/presenters/TAs, and students should use YouTube Live, Slido, and the announcements channel on Telegram/Slack. It omits the specific note that the YouTube channel is DataTalksClub and the warning not to post questions in chat, but the core answer is correct and complete enough.",good,"The single search query was relevant to the question and included the main keywords about the Zoom URL and live class sessions. Only one search was needed here, so the tool usage was reasonable and not excessive."
"Should I ask questions in the chat during live Office Hours, or is there another place to submit them?",489dd1c9d9,good,"The agent’s answer matches the key point from the ground truth: students should not post questions in the live chat because they may be missed, and questions should instead be submitted in Slido during the live session. It also mentions Slack for general course questions, which is not in the original answer but is compatible context rather than a contradiction. It omits some details from the ground truth such as YouTube Live, the pinned Slido link, and the zoom-link/audience distinction, but the core answer is correct.",good,"The tool call was relevant and included important keywords from the question ('live Office Hours', 'chat questions', 'submit them'). Only one search was used, which is reasonable for a straightforward FAQ lookup. The query was a bit generic, but still sufficiently targeted and supported the final answer."
"Where do I begin if I want to take this course from scratch, and what are the main resources I should check first?",04919992b3,good,"The agent answer matches the ground truth well. It lists the same three main starting resources, includes the same workflow steps, and notes that the course can be started anytime with deadlines on the course platform. This covers the key information from the original answer.",good,"The single search query was broadly relevant to the user's question about where to begin and what resources to check first. It was a reasonable one-shot lookup and there were no unnecessary duplicate calls. However, the query was generic rather than using the course-specific keywords, so it was not ideal but still acceptable."
What’s the usual weekly routine for this course after I watch the lectures?,04919992b3,good,"The agent answer matches the ground truth on the main weekly routine steps: watch videos, work through notebooks/code, read homework instructions on GitHub, and submit answers before the deadline. It also correctly notes that homework follows the lesson structure with a different dataset or slightly different task. The only omission is the extra introductory guidance about starting with the docs/repository and that you can start whenever you want, but the question specifically asked about the usual weekly routine after watching lectures, so the core answer is correct.",good,"The single search query was relevant and included the key idea of weekly routine after lectures. One search is reasonable for this question, and there were no unnecessary duplicate calls. The tool use supports the final answer adequately."
"Do I have to start on a fixed date, or can I join and work through the material anytime?",04919992b3,good,"The agent’s answer matches the key point of the ground truth: you can start whenever you want, there is no fixed start date, and the materials are available anytime. It also correctly mentions deadlines on the course management platform. It omits some extra details from the original (the suggested workflow, specific docs/repository links, and homework specifics), but those are not essential to the question. One added point about certificates/project submissions is not in the original answer, but it does not contradict the main response.",good,"The search query was relevant to the question and included core ideas like fixed date, start anytime, and work through material anytime. Only one search call was used, which is reasonable for a straightforward FAQ question. The tool call supported the final answer without unnecessary repetition."
"How exactly should I handle homework for each week, from the lesson material to submitting it?",04919992b3,good,"The agent answer matches the ground truth on the core workflow: watch videos, work through notebooks/code, read homework instructions on GitHub, and submit on the course platform before the deadline. It also correctly notes that homework is similar to the lesson flow but may use a different dataset or task. It adds a few extra details about the homework form being open and not marked [DRAFT], plus a note about GitHub context, which are not in the original answer but do not conflict with it. Overall, the main required information is present.",good,"The single search query is relevant to the question and includes the main concepts of weekly homework workflow and submitting homework. One search call is reasonable for this fairly direct FAQ-style question. There are no obvious unnecessary duplicates. The tool call supports the final answer, even though the answer could likely have been produced without it."
"Is the homework basically the same as the lesson exercises, or does it change each week?",04919992b3,good,"The agent’s answer matches the ground truth. It correctly says the homework follows the same overall lesson workflow but changes each week, often with a different dataset or slightly different task. That preserves the key point: similar structure, not identical exercises.",good,"The single search query was relevant to the question and included the core concepts (homework, lesson exercises, change each week). Only one search was needed, and there were no redundant or unnecessary tool calls."
I can’t find myself on the leaderboard — how do I locate my entry?,c2903069a0,good,"The agent’s answer matches the ground truth key points: it says to click ""Jump to your record on the leaderboard"" and mentions the automatically assigned random name, plus how to view/change the display name via ""Edit Course Profile."" It also includes the distinction between display name and official certificate name. This is consistent with the original answer, though slightly paraphrased and more concise.",good,"The search query was relevant to the user’s question and included leaderboard-related keywords. Only one search call was made, which is reasonable for a straightforward FAQ lookup. The tool call appears to have supported the final answer adequately."
What name do I show up under on the leaderboard by default?,c2903069a0,good,"The agent’s answer matches the ground truth on the key point: by default the user appears under a random anonymous display name like “Lucid Elbakyan.” It also correctly mentions the Edit Course Profile button and that the first field controls the display name. It omits the extra instruction about using the leaderboard link and the second field for the official name/certificate, but those are not necessary to answer the question asked.",good,"The search query was relevant and included core terms from the question (“leaderboard,” “default name,” “display name”). Only one search was used, which is reasonable for this simple FAQ-style question. The tool call supports the final answer."
Where can I check my display name in the course profile?,c2903069a0,good,"The agent’s answer matches the ground truth. It correctly says to click “Edit Course Profile” to check the display name, and it identifies the first field as the nickname/displayed name and the second field as the official name for the certificate. This contains the key information from the original answer, even though it omits the note about the random assigned name and the leaderboard link.",good,"The search query was relevant and included the main keywords from the question (“display name,” “course profile”). Only one search call was made, which is reasonable for this simple lookup, and it supported the final answer."
Can I change the nickname that appears for me in the course?,c2903069a0,good,"The agent’s answer matches the ground truth: it says the nickname can be changed in Edit Course Profile, explains that the first field is the public/display name for the leaderboard, and that the second field is the official name for the certificate. This covers the key information from the original answer, though it omits some extra details like the random default name and the specific note about anonymity/required official name wording. Those omissions do not change correctness.",good,"The single search query was relevant and included core concepts from the question such as nickname, course, and display name. One search was reasonable and there were no unnecessary duplicate calls. The tool call supported the final answer adequately."
What do I need to enter if I want my real name on the certificate instead of the default one?,c2903069a0,good,"The agent answer matches the ground truth. It correctly states that the user should enter their official real name in the second field of Edit Course Profile, and that this is the name that will appear on the certificate. It also correctly explains the first field as the display name/nickname. This contains the key information from the original answer.",good,"The single search query was relevant to the question and used keywords about the certificate and real name. Only one search call was needed, and there were no unnecessary duplicate calls. The tool usage was reasonable and supported the final answer."
Can I take the course at my own pace and still get a certificate at the end?,69d122f12e,good,"The agent’s answer matches the ground truth. It correctly says that you cannot get a certificate in self-paced mode and that a certificate is only available if you finish with a live cohort. It also correctly explains the peer-review requirement as the reason, which is consistent with the original answer, though it omits the specific detail about reviewing 3 capstones and that certificates are not awarded for self-paced mode.",good,"The tool call was reasonable and relevant. The search query included the core concepts from the question: self-paced, certificate, and own pace. Only one search was used, which is appropriate for a simple FAQ-style question. No unnecessary or duplicate calls were made."
Is there any way to earn a certificate if I'm not doing the live cohort?,69d122f12e,good,"The agent answer matches the ground truth. It correctly states that certificates are only available for students who finish with a live cohort, that self-paced mode does not award certificates, and that the reason is the peer-review requirement for capstone projects while the course is running.",good,"The single search query was relevant and contained key terms from the question (certificate, live cohort, self-paced). One search call was reasonable, and the result clearly supported the final answer. No unnecessary duplicate calls were made."
Why aren't certificates given for the self-paced version of the course?,69d122f12e,good,"The agent’s answer matches the ground truth. It correctly states that certificates are not given for the self-paced version, and explains the key reason: peer-reviewing 3 capstones is required, which can only be done while the course is actively running with a live cohort. It also mentions the form closing and the peer-review list being compiled, which aligns with the original answer. Minor wording differences do not change the meaning.",good,"The search query was relevant to the question and included the core topic of certificates and the self-paced version. Only one search call was made, which is reasonable for this simple factual question. There were no unnecessary or duplicate searches, and the tool call supported the final answer."
Do I need to be in the running cohort to do the required peer reviews for the capstone?,69d122f12e,good,"The agent's answer matches the key points of the ground truth: peer reviews are only available during the live/running cohort, and they are needed for certificate eligibility. It also correctly mentions the form being open and the peer-review list being compiled. The only slight difference is that the original answer explicitly says self-paced mode does not award certificates and that you need to peer-review 3 capstones, but the agent conveyed the same implication about certificate eligibility and required reviews.",good,"The search query was relevant and contained important keywords from the question, including 'required peer reviews', 'capstone', 'running cohort', and 'FAQ'. Only one search was needed, which is reasonable for this straightforward question. The tool call supported the final answer well."
"If I miss the course while it's live, can I still get certified later after finishing it on my own?",69d122f12e,good,"The agent’s answer matches the ground truth. It correctly says certification is only available if the student finishes with a live cohort, and that self-paced completion does not award certificates because peer review is required while the course is running. It includes the key idea that capstone peer review is tied to the live period. This is consistent with the original answer, though it omits some extra detail about peer-reviewing 3 capstones and the form closing.",good,"The single search query was relevant and included the main concepts from the question: missing the live course, getting certified later, and finishing on one’s own/self-paced completion. One search was reasonable, and there were no unnecessary duplicate calls."
"Do I need to complete every homework to get the course certificate, or is passing the Capstone enough?",9f689c185f,good,"The agent’s answer matches the ground truth: it correctly says homework is not mandatory, passing the Capstone is enough for the certificate, and homework points are for practice/leaderboard rank. This aligns with the original answer’s key points, even though the phrasing is slightly different.",good,"The search query was relevant and included the key concepts from the question (homework, capstone, certificate, required). Only one search was needed, and it reasonably supported the final answer without unnecessary duplicate calls."
I skipped the first assignment — can I still earn the certificate if I pass the final project?,9f689c185f,good,"The agent’s answer matches the ground truth: it says homework/first assignment is not mandatory, and that passing the Capstone/final project is required for the certificate. It also correctly mentions homework helps practice and leaderboard points, which is consistent with the original answer.",good,"The single search query was relevant and included key concepts from the question such as certificate, assignment, and final project. One search was sufficient, and there were no unnecessary duplicate calls. The tool use reasonably supported the final answer."
"Are homework points required for the certificate, or do they only affect leaderboard ranking?",9f689c185f,good,"The agent’s answer matches the ground truth. It correctly states that homework points are not required for the certificate, that passing the Capstone project is required, and that homework points only affect leaderboard ranking. This captures the key information from the original answer, with no contradiction or missing critical detail.",good,"The single search query was relevant and included key terms from the question: homework points, certificate, and leaderboard ranking. One search call was sufficient for this straightforward FAQ-style question, and there were no unnecessary or duplicate tool calls."
"If homework isn't mandatory, what do I actually need to pass to get certified?",9f689c185f,good,"The agent answer matches the ground truth: it states that the Capstone project must be passed to get certified, and that homework is not mandatory but mainly for practice/leaderboard points. This covers the key information from the original answer.",good,"The search query was relevant to the question and included key terms about homework, certification, and requirements. Only one search call was used, which is reasonable, and it supported the final answer."
Can I miss some homework and still finish the course with a certificate?,9f689c185f,good,"The agent answer matches the ground truth on the key point: homework is not mandatory, and passing the Capstone project is required for the certificate. It also correctly mentions homework is recommended and affects leaderboard rank. However, it adds an extra caveat about needing to complete the course with the live cohort and not self-paced mode, which is not present in the original answer. Since the main answer is correct and aligned with the FAQ, this is still good.",good,"The search query was relevant to the question and included important keywords like homework and certificate. Only one search call was made, which is reasonable. There were no unnecessary duplicate calls, and the query supported the final answer."
Why does the homework keep changing before it’s published?,96286b4be4,good,"The agent answer matches the ground truth closely. It correctly explains that the homework is still in draft mode, that `[DRAFT]` in the title means it is not ready yet, that it is only final when the form is open and the title no longer contains `[DRAFT]`, and that changes before then are at the student's own risk. This preserves the key points of the original answer.",good,"The single search query is relevant to the user's question and uses appropriate keywords about homework changing before publication. One search call is reasonable here, and the tool use supports the final answer without unnecessary repetition."
What does it mean when a homework title has [DRAFT] in it?,96286b4be4,good,"The agent’s answer matches the ground truth closely. It correctly states that [DRAFT] means the homework is not ready yet, that it is only ready when the homework form is open and the title no longer contains [DRAFT], and that the content may still change so early work is at the student’s own risk. This captures the key information from the original answer.",good,"The single search query was relevant and included the key phrase '[DRAFT]' and the homework context. One search call is reasonable for this simple question, and there were no unnecessary duplicate calls. The tool call supports the final answer."
How do I know the homework is actually ready to do?,96286b4be4,good,"The agent answer matches the ground truth: it states that homework is ready only when the form is open on the course management platform and the title does not contain [DRAFT]. It also correctly explains that if the title says [DRAFT], it is not ready yet and content may change, with working early being at the student's risk. This preserves the key information from the original answer.",good,"The single search query is relevant to the question and includes concepts like homework being ready/available. While it did not explicitly include [DRAFT] or course management platform, one search was reasonable for this simple FAQ-style question, and there were no unnecessary duplicate calls."
Can the homework content still change after I start working on it?,96286b4be4,good,"The agent answer matches the ground truth well. It correctly says the homework can still change while marked draft, explains that [DRAFT] means it is not ready yet, and gives the two conditions for readiness: the form is open and the title does not contain [DRAFT]. It also includes the risk of working early. This is the same key information as the original answer.",good,"The search query was directly relevant to the question and used important keywords about homework content changing. Only one search call was made, which is reasonable since the final answer was straightforward and the query was sufficient to retrieve the needed information. The tool call supported the final answer."
Is it safe to begin homework early if it is marked as draft?,96286b4be4,good,"The agent answer matches the ground truth: it says homework marked [DRAFT] is not ready, states the two conditions for readiness, and notes that starting early is at your own risk because the final version may change. This preserves the key information accurately.",good,"The single search query is relevant and contains the core concepts from the question ('homework', 'early', 'draft'). One search call is reasonable, with no unnecessary duplication."
When is the next time this course will be offered?,bd31146b0e,good,The agent's answer exactly matches the ground truth: the course will next be offered in Summer 2027.,good,"The single search query is directly relevant to the question and sufficient to retrieve the needed information. One tool call is reasonable, and there were no unnecessary or duplicate searches."
Do you know what season or year the course runs again?,bd31146b0e,good,The agent answer matches the ground truth exactly in meaning: it states the course runs again in Summer 2027. This contains the required key information and is correct.,good,"The search query is relevant to the question and includes important intent keywords like when/season/year/course runs again. Only one search was used, which is reasonable for a straightforward factual lookup. The tool call supports the final answer."
Is there a date for the next course offering yet?,bd31146b0e,good,The agent’s answer matches the ground truth exactly in meaning: it states that the next course offering is Summer 2027. No missing or conflicting information.,good,"The single search query is directly relevant to the question and sufficient to locate the date for the next course offering. One tool call is reasonable, and there were no unnecessary or duplicate searches."
When can I take this course again if I miss it now?,bd31146b0e,bad,"The agent answer does not match the ground truth. The correct answer is a specific timing, 'Summer 2027,' while the agent instead gives general information about joining anytime, live cohorts, self-paced mode, and certificates. It misses the exact retake timing entirely.",good,"The search query was somewhat related to the question, but it was generic and did not target the key detail of when the course is offered again. One search call was reasonable, but it failed to retrieve the needed specific timing and the final answer drifted away from the ground truth."
What's the next scheduled run of this course?,bd31146b0e,good,The agent answer exactly matches the ground truth: Summer 2027. It provides the same key information with no contradiction.,good,"The single search query is relevant to the question and concise. Although it is somewhat generic, it is appropriate given the short question, and only one tool call was needed. The tool call supports the final answer."
"Is there a place where I can find all the course videos for LLM Zoomcamp, or do I need to search around separately?",31456f4b5f,good,"The agent answer matches the ground truth closely. It correctly identifies the LLM Zoomcamp GitHub repository as the main entry point, says to open the lesson folders, notes that each lesson page has relevant videos linked at the top, and states that the repo is the better, more up-to-date place than the YouTube playlist. This preserves the key information from the original answer.",good,"The single search query was relevant to the question and contained the important concept of finding all LLM Zoomcamp course videos together. One search was sufficient here, and there were no unnecessary duplicate calls. The tool use was reasonable and supported the final answer."
Where should I start if I want to watch the lectures for this course?,31456f4b5f,bad,"The agent’s answer is only partially aligned with the ground truth. The correct answer emphasizes that the LLM Zoomcamp GitHub repository is the main entry point, and that each lesson folder/page in the repo contains the relevant lecture videos, with the repo preferred over the YouTube playlist because it stays updated. The agent mentioned the GitHub repository, but added several unrelated items (course docs, logistics docs, homework submission workflow) and did not clearly say that the repo is the main entry point for watching lectures or that lesson pages link the videos at the top. So the key guidance is incomplete and somewhat diluted.",good,"The search query was relevant and closely matched the user’s question. Only one search call was made, which is reasonable. However, the query was broad and the final answer introduced extra unrelated details instead of focusing on the repository/lesson pages and lecture links. Still, the tool use itself was reasonable for the question."
"Do the lesson pages in the repo include the video links, or are the videos somewhere else?",31456f4b5f,good,"The agent’s answer matches the ground truth: it says the lesson pages in the repo include the relevant video links at the top, and that the GitHub repo should be used as the main entry point because it is easier to keep updated than the YouTube playlist. This captures the key points of the original answer.",good,"The single search query is relevant to the question and includes the core concepts (lesson pages, video links, repo). One search call is reasonable for this simple question, and there were no unnecessary or duplicated calls."
"I found a YouTube playlist, but is the GitHub repo the better place to use for the latest lecture links?",31456f4b5f,good,"The agent’s answer matches the ground truth. It correctly says to use the GitHub repo as the main entry point, mentions that it is easier to keep updated than the YouTube playlist, and notes that lesson folders contain the relevant video links. This preserves the key information from the original answer.",good,"The single search query is relevant to the question and includes the main concepts (YouTube playlist, GitHub repo, latest lecture links). One search call is reasonable, and no unnecessary duplicate calls were made. The tool use supports the final answer."
How can I quickly locate the right video for each lesson without missing updates?,31456f4b5f,good,"The agent captured the core guidance from the ground truth: use the LLM Zoomcamp GitHub repository as the main entry point, open the lesson folders, and rely on the lesson pages where the relevant videos are linked at the top. It also correctly noted that the GitHub repo is easier to keep updated than the YouTube playlist. However, it added extra advice about Telegram and Slack announcements that is not present in the original answer, so the response is not a perfect match. The main answer is still correct, but with an unsupported addition.",good,"The search query was relevant to the question and contained the key idea of locating the right video quickly without missing updates. One search call is reasonable here, and there were no obvious unnecessary or duplicate calls. The tool use was minimal but appropriate, though it did not materially refine the answer beyond the query. Overall, the trajectory was reasonable."
